Date,Tokino Sora,Roboco,Sakura Miko,Hoshimachi Suisei,AZKi,Yozora Mel,Aki Rosenthal,Akai Haato,Shirakami Fubuki,Natsuiro Matsuri,Minato Aqua,Murasaki Shion,Nakiri Ayame,Yuzuki Choco,Oozora Subaru,Ookami Mio,Nekomata Okayu,Inugami Korone,Houshou Marine,Uruha Rushia,Usada Pekora,Shiranui Flare,Shirogane Noel,Tsunomaki Watame,Tokoyami Towa,Kiryu Coco,Amane Kanata,Himemori Luna,Yukihana Lamy,Momosuzu Nene,Shishiro Botan,Omaru Polka,Watson Amelia,Ninomae Ina'nis,Gawr Gura,Mori Calliope,Takanashi Kiara,IRyS,Hakos Baelz,Ouro Kronii,Ceres Fauna,Tsukumo Sana,Nanashi Mumei,Moona Hoshinova,Ayunda Risu,Airani Iofifteen,Pavolia Reine,Kureiji Ollie,Anya Melfissa
2021-08-23,66506827,48551407,118334402,134076078,21060981,14194084,23964953,131850111,180717353,84896639,147676138,67659926,47027162,21314290,84645208,58757014,118490017,153715944,228583818,105460130,249194906,63498253,90071625,104966385,57078985,173594665,132186602,35190277,61985518,46000107,77755413,77988024,80570858,60418315,156575780,161168624,77015021,11919150,599564,602530,681774,781518,537226,36510512,30719788,12024664,19920091,28133456,7214974
2021-08-22,66384411,48395419,118235980,133557063,20995760,14147159,23956020,131230349,180473024,84644678,147391105,67743765,46919312,21211192,84023447,58606319,118264099,153387584,227498616,104904019,248189247,62973731,89654972,104749110,56827451,173547737,131984424,35357052,61875690,45869331,77664740,77792812,80523987,60362383,156387210,158702383,76560453,11684920,0,0,0,0,0,36440623,30701829,11956839,19843424,28031469,7172588
2021-08-21,66280520,48343803,117963420,132618855,20974800,13989559,23944252,130884147,180243541,84378835,147273507,67626805,46804919,21169148,83772083,58134478,118035800,153121659,226684737,104545879,247868655,62711423,89560956,104489528,56674708,173501890,131343412,35261198,61594767,45671721,77357994,77418183,80476616,60224686,155720448,158702383,76352802,11498088,0,0,0,0,0,36301267,30590723,11939964,19710892,27772178,7127154
2021-08-20,66170914,48324320,117563661,132168400,20951671,13929340,23928896,130487276,180062935,84216135,147143212,67492146,46679940,21109859,83522554,57475223,117878641,152823023,225823118,104048766,247342204,62497795,89466247,104295817,56605351,173453712,130979921,35234990,61420475,45519070,77122421,77173904,80423207,60157265,155542615,158702383,76210009,11329283,0,0,0,0,0,36087436,30554870,11891048,19667243,27720262,7083245
2021-08-19,66114815,48263411,117058122,131589042,20929192,13873647,23891748,130297565,179852800,84016633,147009605,67312662,46544806,21034479,83303966,57302691,117646052,152561969,225359611,103677899,247165959,62289371,89353019,103759583,56337730,173406761,130531508,35167042,61271444,45360242,76817876,76859902,80364100,60006007,155356530,158702383,75855949,11279228,0,0,0,0,0,35946961,30538445,11856211,19614155,27584706,7021682
2021-08-18,66027080,48165551,116766813,130940737,20906366,13827631,23846293,129429416,179589269,83855168,146818382,66998677,46404800,20979960,83041845,57236935,117385565,152450773,224553949,103119126,246653082,62105974,89090158,103543754,56166939,173358951,130148970,35015178,61069939,45220750,76611220,76650894,80271672,59776147,155123546,158702383,75613159,11120946,0,0,0,0,0,35781462,30522066,11710768,19531568,27301252,6791607
2021-08-17,65970849,48081970,116358405,130212201,20883453,13777203,23786909,128338159,179224565,83575009,146477138,66443423,46193426,20867928,82901804,57055293,117122075,152206591,223351125,102851633,245929294,61931589,88868481,103404946,55801416,173308453,129802212,34918526,60759389,45076044,76325490,76415297,80057399,59699059,154896016,158151256,75479059,10881572,0,0,0,0,0,35689894,30504920,11680510,19386708,27146372,6760573
2021-08-16,65883584,48007832,116037689,129516014,20849362,13499223,23733231,127502775,178784580,83359492,146251820,66302809,45645832,20811617,82583235,56889433,116791766,151846286,222256091,102596914,245363475,61575769,88685205,103242180,55627631,173235684,129413074,34790664,60607857,44956294,76019352,75783116,79890255,59510735,154171191,158106371,75341000,10816811,0,0,0,0,0,35581071,30479925,11605378,19155855,26775712,6560054
2021-08-15,65858189,47990851,115493245,129053775,20838256,13414985,23724868,126867311,178614860,83287380,146016953,66011845,45540391,20766035,82415168,56830216,116626642,151736083,221108710,101954482,244605506,61426598,88510299,102980570,55425813,173203453,129232942,34726944,60481573,44823604,75847100,75629941,79541475,59318202,153720379,157209647,75273405,10610154,0,0,0,0,0,35489755,30468902,11496102,19084143,26691864,6511222
2021-08-14,65714068,47886019,115021931,128452616,20815252,13396630,23667880,126502052,178386904,83160417,145880473,65931128,45405603,20754526,81852795,56496483,116460541,151361362,220097169,101832123,243614619,61084017,88289800,102668606,55333886,173152347,128951229,34664601,60012608,44513402,75155005,75533295,79242592,59066153,153079752,157149164,75126904,10362951,0,0,0,0,0,35380852,30450949,11486549,19008361,26659755,6465408
2021-08-13,65661773,47836328,114538242,127853328,20789994,13383038,23656995,126184751,177959944,82959512,145730426,65844509,45251258,20718155,81724807,56434438,116223658,151128396,219277676,101526343,243074673,60908800,88020336,102413912,55202014,173103004,128637326,34518765,59736896,43873505,74846269,75381892,79011922,58685101,152638133,156775981,74925091,10081716,0,0,0,0,0,35246813,30402569,11475032,18906953,26624943,6463486
2021-08-12,65605015,47814732,113918601,127482954,20764357,13363527,23646237,125797489,177362259,82606689,145560938,65736542,45075681,20610275,81517225,56363123,116056091,150878063,218140167,101176714,242895630,60602622,87789578,102167979,55107519,173047791,128303671,34445597,59078936,43614969,74701870,75163192,78956755,58611423,152171967,156336033,74592279,10015428,0,0,0,0,0,34945705,30379528,11432129,18858275,26591115,6447324
2021-08-11,65490214,47743691,113555109,127106459,20738866,13347293,23637872,125587995,177106782,82374664,145371232,65494498,44877011,20601997,81174786,56286628,115891106,150520127,216588104,100882240,242501182,60331904,87517287,101882988,54864867,172993275,128179605,34337722,58810293,43410793,74498071,74973861,78776550,58540182,151646803,155947187,74371481,9853255,0,0,0,0,0,34680631,30316851,11421004,18774793,26557856,6445893
2021-08-10,65372415,47644855,112108376,126207281,20644364,13189515,23532645,124909214,176271045,82010678,144251923,65243822,44402429,20583449,80795940,55736959,115379730,150141247,214639932,99951315,241372239,59855649,86785704,101650053,54319238,172880991,127914489,34202224,58202251,43371171,74166010,74783111,78241701,58368677,151270101,154821945,73988967,9370845,0,0,0,0,0,34195738,30252289,11329072,18681083,26486847,6396028
2021-08-09,65372415,47644855,112108376,126207281,20644364,13189515,23532645,124909214,176271045,82010678,144251923,65243822,44402429,20583449,80795940,55736959,115379730,150141247,214639932,99951315,241372239,59855649,86785704,101650053,54319238,172880991,127914489,34202224,58202251,43371171,74166010,74783111,78241701,58368677,151270101,154755974,73988967,9370845,0,0,0,0,0,34195738,30252289,11329072,18681083,26486847,6396028
2021-08-08,65236561,47565389,111719641,125760307,20616542,13077640,23470862,124456219,175928080,81827290,143616253,64873513,44099563,20502311,80471869,55684612,115107432,149905583,213678186,99641832,240456298,59634474,86408894,101359591,53868929,172820959,127569268,34185382,58105796,43350506,74115830,74510755,77892222,58256181,151059171,154098932,73714010,9077161,0,0,0,0,0,33936704,30214016,11308843,18601772,26443694,6393282
2021-08-07,65135230,47458080,111237954,125220884,20586807,12962904,23385523,124371697,175471025,81717869,143185552,64775933,44007644,20439143,80021864,55526356,114852925,149723038,212574961,99542623,239873439,59102674,86156051,101059436,53597803,172765550,127351248,34119670,57887437,43332224,74068057,74400224,77720720,58117581,150464615,153086720,73485407,9012551,0,0,0,0,0,33534957,30147951,11191142,18511010,26389929,6388742
2021-08-06,65022887,47367804,110633502,124781139,20478759,12890896,23375189,124201081,175027423,81561609,143028948,64643850,43899167,20430597,79743867,55450904,114500717,149612188,211231757,99414711,239462554,58982622,85941268,100867482,53521380,172687353,127021155,33984607,57657234,43308769,73821466,74195297,77654618,57914137,149840405,153047413,73345553,8717441,0,0,0,0,0,33387069,30093227,11178539,18443798,26181238,6364495
2021-08-05,64980772,47282039,110072508,124387721,20455818,12879127,23369085,124027015,174860300,81434440,142916526,64541447,43817729,20354268,79484942,55321439,114227348,149542561,210123990,99320594,238947261,58949789,85630075,100789984,53361869,172643516,126761823,33911725,57491975,43293505,73774364,74058186,77458604,57303701,149329823,151947937,73225364,8597320,0,0,0,0,0,33287338,30080072,11171291,18387638,26109991,6356254
2021-08-04,64888553,47173288,109265675,123887389,20425630,12860592,23360885,123933527,174508078,81314341,142599072,64394523,43724709,20319204,79183586,55169310,113926854,149317942,209228014,99026287,238769056,58788338,85425213,100500554,53165820,172582003,126357482,33865431,57284391,43262401,73660707,73881386,77404884,57254175,149158103,151444341,72850207,8387578,0,0,0,0,0,33064736,30047687,11160565,18323297,26024239,6321986
2021-08-03,64616319,47152436,108526360,123131032,20398115,12822032,23354116,123696428,174172749,81167999,142480619,64101515,43634438,20163455,79121238,55118214,113678096,149219937,208485545,98935944,238338708,58638712,85327951,100326301,53010692,172526732,126210908,33746216,56992118,43171727,73505668,73660942,77345992,57207813,149005173,151377464,72587410,8061972,0,0,0,0,0,33009331,30019751,11151362,18254589,25832157,6299874
2021-08-02,64546432,47063152,107777961,122677770,20356474,12804019,23342731,123321998,173656234,80949491,142325338,63902495,43511904,20148017,78999566,54949625,113241134,148891436,207223605,98545254,237717857,58514361,84776343,100106851,52835247,172446529,125800643,33722493,56906019,42994353,73260568,73534428,77081782,56926332,148543402,150657893,72240127,7806120,0,0,0,0,0,32935787,29979229,11138715,18222308,25644778,6295284
2021-08-01,64427645,47012763,107074850,122204780,20309242,12792643,23333559,122683191,173138516,80725581,141956750,63696392,43392280,20137097,78495023,54886206,113067227,148495864,205945138,98208274,236652547,58325365,84656595,100007986,52700130,172374968,125553204,33591400,56764047,42889867,73189139,73354324,76907397,56600649,148347128,149622872,72054892,7411214,0,0,0,0,0,32876229,29967510,11128346,18157757,25552173,6289282
2021-07-31,64284776,46994894,106702789,121836562,20287738,12743510,23323526,122479442,172766442,80560514,141831123,63102324,43069102,20119091,78302667,54638947,112717972,148333558,204919887,97789637,236064068,58139967,84533679,99693177,52549023,172309137,125261194,33518513,56635783,42751707,72877723,73139721,76702390,56387326,147823130,149561131,71796240,7192957,0,0,0,0,0,32811231,29955379,11117899,18089214,25425735,6258607
2021-07-30,64229431,46905624,106265373,121424583,20266733,12839847,23312426,122249414,172578684,80459964,141686015,63056284,42972404,20053449,78228999,54390362,112482584,148216458,203340579,97462105,235388679,58006219,84300776,99426410,52487082,172243357,124916985,33436879,56498050,42731556,72794758,72775351,76369330,56175545,147627961,149315127,71540104,7148838,0,0,0,0,0,32715899,29942537,11106615,18044805,25384849,6235193
2021-07-29,64130739,46883473,105771765,120843653,20245036,12721230,23289303,122146379,172467435,80356325,141399064,63009285,42867081,20040084,78119662,54337000,112230832,147909493,202250579,97312328,235037975,57740363,84156618,99216658,52335255,172170509,124420793,33349959,56307235,42707112,72442965,72590529,76157078,55977753,147429095,148454392,71433275,7067939,0,0,0,0,0,32501734,29929010,11095133,17988493,25284438,6203680
2021-07-28,64075920,46784993,105339992,120289303,20221856,12708207,23248301,121987058,172253852,80154491,141252313,62958907,42759935,19989261,77856221,54273512,111987505,147583801,201943073,97127510,234270672,57546019,83979914,99095427,52128223,172092975,124187544,33195227,56143716,42563403,72213105,72485749,75993264,55712396,147207123,148072774,71218873,6542694,0,0,0,0,0,32326948,29913251,11083106,17924015,25149283,6144610
2021-07-27,63964886,46740067,104968500,119804592,20198820,12701056,23238445,121592481,172091828,80028143,141107860,62911323,42654800,19938809,77443957,54164060,111773917,147228484,201608919,96658568,233595167,57475656,83407121,98792211,51951179,172015750,123752602,33186001,55856156,42406827,72004049,72260291,75931023,55423785,146979791,147793527,71075676,6351361,0,0,0,0,0,32215164,29899679,11069719,17892225,25005319,6139287
2021-07-26,63791849,46627725,104427488,119529057,20176688,12694571,23227737,120823086,171897153,79897896,140966202,62866531,42555916,19937032,77366115,54046697,111517623,146944110,201242621,96195336,233214590,57375724,83153099,98451071,51883656,171944216,123340085,33171051,55821971,42193816,71949284,72166645,75771123,55336914,146746212,147728828,70879069,6275456,0,0,0,0,0,32173097,29886340,11056521,17852744,24844329,6118182
2021-07-25,63682141,46487378,103992551,119252808,20152184,12678761,23213935,119880083,171715786,79596455,140587926,62818061,42456769,19920122,77141950,53990580,111369432,146376748,200498191,95748085,232467258,57185011,82784037,98088510,51808440,171857126,123204200,33012833,55627870,42102600,71620680,71942187,75450369,55287915,146125479,146923110,70788020,0,0,0,0,0,0,32127343,29872256,11040887,17685376,24798868,6115986
2021-07-24,63584084,46265020,103736411,118990896,20130825,12579320,23203237,118577795,171622700,79464011,140252747,62773454,42364782,19819922,76640780,53941621,111228408,146030195,199882783,95455586,231476676,56999056,82506972,97786392,51741376,171789455,122964289,32987330,55479031,42077430,71318095,71748173,75288498,55143043,145596620,146923110,70522526,0,0,0,0,0,0,32071751,29859431,11025161,17638887,24666703,6114538
2021-07-23,63524065,46135037,103161792,118676803,20102633,12522058,23191183,118505375,171522136,79233304,140119999,62726731,42262408,19687375,76565828,53879057,110822059,145722544,199223491,95204660,230487091,56928564,82081682,97609417,51477204,171718533,122819566,32895189,55276573,42020090,71090803,71558557,74976945,54699671,145081402,146611415,70187510,0,0,0,0,0,0,32045574,29840658,11002308,17610183,24507294,6096285
2021-07-20,63239176,45992259,102393613,117587374,19980614,12498237,23143912,118295334,170922678,78391523,139504571,62579014,41725896,19614295,75930158,53404724,110109007,145245825,198167958,93688840,229447455,56282885,81275137,97069273,51012886,171498506,122066897,32628600,54774349,41602333,70336519,71109699,74664743,54298594,143677162,144438310,69754995,0,0,0,0,0,0,31829047,29728927,10885269,17433343,24141096,6071536
2021-07-19,63174624,45968775,102014644,117271388,19945826,12490337,23075156,118227180,170813956,78269672,139331462,62529458,41612007,19454761,75846669,53260547,109836212,144812119,197628230,93275957,228522779,56167024,81065373,96823733,50803944,171414666,121716232,32467543,54735129,41551801,70148665,71010349,74517422,54097027,143435216,144375789,69593378,0,0,0,0,0,0,31766937,29679196,10854807,17399793,23958381,6069368
2021-07-18,63102871,45889790,101748816,116956376,19895434,12479431,23007162,118159976,170572955,78055571,138963375,62475963,41500007,19445850,75469998,53123439,109747472,144367706,196932729,92221454,227606511,55986403,80856012,96510664,50540035,171316848,121545605,32349920,54665387,41404440,69917837,70885977,74163115,54038312,143199447,143271763,69352917,0,0,0,0,0,0,31730580,29660485,10794253,17359378,23741855,6065493
2021-07-17,62980806,45846657,101544695,116637727,19822397,12444373,22939857,118103432,170460524,77748337,138819554,62430557,41383971,19437221,75213101,52970416,109405657,144083335,196403280,91907610,227188492,55869361,80535336,95988616,50424245,171230974,121054404,32203502,54528962,41293002,69883088,70757695,74116494,53899978,142965342,143271763,69046330,0,0,0,0,0,0,31692269,29620345,10758305,17269058,23482745,6046508
2021-07-16,62835320,45684826,101441628,116184967,19760031,12436978,22882649,118049955,170352314,77597421,138643302,62383135,41070436,19389723,75141399,52755109,109074529,143326709,195887029,91768199,226466865,55804164,80000462,95510084,50353305,171144824,120734526,32123303,54301309,41152760,69677830,70379899,74058151,53845441,142706941,142018244,68860091,0,0,0,0,0,0,31590142,29602788,10703656,17158701,23301323,6027923
2021-07-15,62766329,45620454,101103398,115622470,19732727,12429830,22837182,117994375,170112364,77372191,138413687,62336336,40968487,19230414,75065953,52624167,108689314,142998576,195430184,91258791,225595299,55601342,79773226,95029105,50098386,171049523,120272472,32083972,54111339,41133571,69395780,70157387,73981437,53573486,142442281,141947836,68667735,0,0,0,0,0,0,31553516,29583691,10529897,17078832,23241312,6004774
2021-07-14,62612282,45514832,100782732,115276458,19657149,12422023,22823058,117934065,169802954,77201033,138279314,62484862,40853426,19154070,75113590,52564032,108129612,141990227,194893250,91440177,224829601,55362678,79454113,94588595,49934846,170941657,119730424,31912604,53967919,40959946,69248476,70013920,73622090,53269137,142137244,141620687,68370531,0,0,0,0,0,0,31467038,29561259,10521571,17025658,23057938,6001163
2021-07-13,62487212,45493459,100485058,114931459,19635589,12414724,22807174,117880643,169617236,77087370,138154598,62437203,40732423,19081530,74869851,52406268,107718457,141688953,194102329,91106399,223907706,55258603,79371694,94366437,49871133,170836729,119042562,31885771,53831829,40940026,68799229,69826611,73328263,53108092,141386946,141263782,68041380,0,0,0,0,0,0,31430186,29540936,10507232,16944629,22758424,5997112
2021-07-12,62408178,45428895,100089268,114184354,19607239,12405324,22788391,117807107,169201457,76752576,138005013,62375578,40590426,19029484,74703329,52264463,107467150,141045985,193145920,90893890,223555834,55117508,79231314,93956665,49769824,170693129,118184095,31760214,53541804,40915185,68752295,69614840,72797646,52831153,140962719,140351575,67783513,0,0,0,0,0,0,31384827,29515818,10449298,16874150,22595628,5992407
2021-07-11,62351946,45406462,99455766,113876505,19587025,12398894,22728843,117762995,168836137,76595443,137895785,62335781,40493332,19021372,74372207,52209947,107236560,140518951,192493071,90801875,222700199,54739754,78740270,93645072,49392132,170593537,117401981,31631686,53373319,40895070,68365583,69530720,72436938,52789459,140471346,140284794,67610004,0,0,0,0,0,0,31355044,29492409,10433376,16800024,22349282,5961855
2021-07-10,62154333,45335070,99320564,113379395,19560822,12390620,22572489,117702262,168700341,76486939,137757545,62284482,40358345,19007221,73578772,51987325,106924238,140192995,191927050,90368271,222165520,54518294,78408669,93432424,49332381,170452503,116621689,31437942,53292274,40859621,68188125,69421118,72109254,52736354,139738883,139836965,67042414,0,0,0,0,0,0,31450098,29424102,10428024,16651957,22031266,5936585
2021-07-09,62085815,45213799,98945402,112969830,19534286,12381803,22552648,117641933,167978921,76364285,137618736,62232083,40178951,18841209,72959053,51936727,106458090,140079261,191223909,89987265,221740694,54414107,78184216,93048235,49271129,170300114,115896872,31268940,53119768,40659449,68148200,69285792,72059146,52504016,139439464,139488334,66844858,0,0,0,0,0,0,31201144,29403106,10421476,16554454,21721927,5939064
2021-07-08,61955561,45114212,98670785,112263128,19505447,12373023,22530767,117580637,167377572,76148957,137469379,62179151,39660600,18654838,72541892,51874393,106204531,139678792,190320632,89727253,221116282,54308016,78098257,92931979,49208216,170129217,115336596,31154999,52922808,40622015,68093142,69098547,72001022,52454297,138702561,138865657,66364590,0,0,0,0,0,0,31153270,29362330,10415482,16484155,21679672,5935742
2021-07-07,61796181,45049127,98339359,111891696,19468658,12364995,22515996,117521657,166867141,76045089,137326201,62128362,39478506,18643267,72470672,51709862,106066679,139333661,189735172,89184984,218740112,54179076,77799983,92608979,49153396,169943099,114995787,31107314,52767421,40229228,67673132,69006945,71850172,52395449,138383048,138359329,65691655,0,0,0,0,0,0,31317355,29319611,10409397,16367054,21629435,5929822
2021-07-06,61670760,45012690,97971000,111396375,19398404,12356392,22254273,117461801,166740322,75862611,137162481,62077024,38696309,18568668,72382947,51524703,105840334,138913146,189423917,88832909,217228359,54148367,77510775,92318913,49094690,169741530,114558135,30979413,52585344,40198237,67602892,68907974,71429442,52243102,137630346,137642658,65152458,0,0,0,0,0,0,31172531,29274691,10400599,16348313,21511212,5907004
2021-07-05,61579024,44899839,97346890,110960013,19347738,12343842,22224029,117378348,166281509,75283309,136749853,62005577,38551503,18367816,72225938,51320177,105515022,138499266,188597180,88696815,216723679,54044002,77395313,91972437,49008257,169370906,114079785,30832324,52226170,39950263,67319828,68740480,71341723,52154726,137225152,137312035,64860892,0,0,0,0,0,0,31039151,29233020,10354571,16279925,21315896,5900038
2021-07-04,61421010,44789150,96786432,110628435,19308137,12338424,22218298,117343613,166061528,75214904,136270864,61972622,38455966,18362215,71821929,51097223,105369476,138414353,187734127,88364142,215940715,53749068,77164318,91835025,48974151,169034571,113627225,30708512,52193598,39821905,67276902,68539165,71114591,51880456,136535470,137252219,64781264,0,0,0,0,0,0,31017620,29206253,10329093,16263952,21189382,5881968
2021-07-03,61363682,44767049,96446987,110120342,19070460,12329905,22205808,117285865,165793797,74946151,135931007,61922812,38335749,18349729,71261762,51015057,105154140,138181392,186475396,88267907,215061194,53480221,77068260,91645307,48817536,168312338,112711629,30530849,52047301,39611936,67017607,68303449,70799500,51826036,136214721,136737172,64529443,0,0,0,0,0,0,30981978,29189905,10322112,16196428,21024560,5872233
2021-07-02,61249523,44784591,96022384,109649622,19047266,12320904,22185924,117224443,165055568,74719634,135787854,61871361,38215301,18248964,70735983,50848279,104752364,138085701,185840028,88097740,207323119,53295384,76882844,91233580,48604450,166764349,112134503,30446417,51822031,39418100,66824285,68171167,70568132,51764598,135857770,136404185,64376059,0,0,0,0,0,0,30943815,29171997,10281718,16155254,20856834,5846714
2021-07-01,61196075,44842544,95439516,108701121,19024210,12311338,22165669,117162728,164894601,74343003,135645532,61822978,38093081,18236489,70583329,50723779,104619227,137986521,185422008,87666496,206753170,53073356,76552877,90659608,48428795,160464466,111068035,30420946,51773049,39211910,66773086,68000708,70512116,51599967,135439336,136053431,63907410,0,0,0,0,0,0,30900038,29152842,10271089,16136672,20818521,5843674
2021-06-30,61134973,44792026,94890661,108293630,19004717,12283194,21981329,117109368,164377534,74181754,135506267,61772917,37978937,18133126,70287585,50413008,104475611,137818592,184876027,87369033,206627082,52924524,76462147,90261552,48202351,158436799,110738268,30302709,51594029,39075865,66566694,67666449,70469447,51338376,134605780,135506617,63671862,0,0,0,0,0,0,30796489,29112784,10235872,16092690,20785412,5840294
2021-06-29,61003537,44542024,94410106,107735229,18968301,12231834,21876742,117047344,163950054,73992194,135335730,61718105,37852030,17702455,70173288,49935318,104217500,137518229,184192430,87046416,206066712,52820040,76257894,90080994,48072372,157077275,110370440,30277098,51463002,39048631,66419166,67370586,70370411,51086530,134267445,135152928,63396138,0,0,0,0,0,0,30735662,29068472,10225582,16019360,20708218,5820046
2021-06-28,60892980,44350700,94202803,107107893,18914227,12223820,21866253,116997032,163518862,73865744,135190908,61667147,37731479,17409425,70077987,49791413,104075994,137056884,183393833,86958393,205557909,52645061,75898835,89817905,47920749,156044714,109877668,30099833,51345158,38924661,66224937,67282438,70147950,51031644,133728615,134787134,63244678,0,0,0,0,0,0,30705837,29060682,10199798,15997812,20597800,5817510
2021-06-27,60831697,44096920,93357575,106604411,18763444,12214286,21764136,116938299,162975357,73600646,134986903,61614461,37609666,17304988,69333612,49589691,103834636,136651598,182950313,86434867,203842253,52611756,75664078,89317821,47685032,154522215,109294591,30075628,51036278,38587982,65845082,66985333,69776209,50741648,132308049,133986370,62847421,0,0,0,0,0,0,30569259,29047879,10131556,15865092,20467347,5814114
2021-06-26,60765016,43955754,92778591,105660763,18739501,12204189,21754675,116882570,162651320,73404131,134938999,61558147,37480448,16909910,69041491,49536868,103570365,136137397,182624817,86272989,203048324,52526125,74993459,89076031,47423653,154205651,108798200,30007378,50889366,38567163,65539141,66859908,69599813,50592948,131660088,133905961,62361133,0,0,0,0,0,0,30410138,29033864,10107236,15802046,20422286,5810775
2021-06-25,60645791,43870428,92533593,104727108,18714920,12195024,21745495,116818864,162405453,73259475,134765246,61501904,37348381,16586108,68976736,49470381,103342287,136042802,181879920,85968885,202100611,52383871,74747602,88694453,47219191,153756845,107906252,29787186,50688170,38544575,65392711,66715449,69543196,50417997,130756936,133133492,62149750,0,0,0,0,0,0,30350317,29017793,10100826,15768639,20292044,5770280
2021-06-24,60502192,43722239,92284869,104239420,18690802,12185077,21736439,116762391,162007538,73078546,134565996,61441456,37211203,16348882,68898955,49260769,103183665,135910101,181555825,85640770,201413977,52350288,74497126,88287874,47010484,153347932,107588066,29698974,50454533,38282102,65167407,66375403,69468903,50233562,129609074,132628634,61845042,0,0,0,0,0,0,29997787,28986960,10062274,15748090,20132786,5767690
2021-06-23,60394318,43567018,92019956,103780772,18665567,12157250,21711657,116703715,161871170,72896777,134112287,61380750,37071174,16270643,68599470,49006748,102933853,135503014,180987409,85579099,200940374,52295185,74225957,87882946,46751332,152289668,107383462,29614715,50231239,38160407,64928532,66247782,69160042,50170693,128807688,132198649,61424161,0,0,0,0,0,0,29889477,28970712,10057517,15719675,20085520,5764987
2021-06-22,60267029,43531884,91705303,102955647,18639006,12145521,21699520,116648828,161586783,72786869,133908420,61324574,36946055,15923991,68379612,48741612,102597247,135148431,180540180,85512027,200766550,52121568,74084809,87660079,46691707,151887553,107238486,29604243,50132533,37916735,64867185,65907149,69091174,49916678,127644693,131635303,61389057,0,0,0,0,0,0,29845148,28953574,10050928,15669079,20043528,5781952
2021-06-21,60186608,43458403,91256475,102294496,18612739,12130443,21688326,116592315,161252186,72627970,133648285,61265899,36817323,15835511,68290137,48603927,102315131,134757498,179746760,86460797,200338646,51920392,73855175,87481693,46534162,151387170,106940928,29591901,49973039,37772006,64662961,65831335,68928965,49858486,125579195,131318634,60875007,0,0,0,0,0,0,29796454,28934636,10028767,15625610,20002464,5777446
2021-06-20,60023173,43208788,90908798,101871903,18584963,12105589,21675617,116534503,161063751,72525363,132983642,61202833,36697679,15817536,67977130,48443718,102038131,134618053,178905451,86062699,199742521,51865734,73557892,86960659,46466377,150521225,106521298,29575119,49918088,37743587,64411002,65595748,68521160,49805639,124547551,130894082,60767371,0,0,0,0,0,0,29664534,28880304,10022313,15479157,19961484,5748785
2021-06-19,59927282,43012327,90689051,101302567,18555217,12004891,21663892,116477982,160666323,72347842,132517890,61144743,36576886,15558181,67517392,48395681,101587670,134254616,177906878,85981889,198981526,51712844,73313979,86467057,46333527,149894410,106182805,29439817,49863514,37555675,64197279,65511525,68406409,49744079,124354868,130434549,60399464,0,0,0,0,0,0,29475227,28860968,10000831,15403534,19915730,5745309
2021-06-18,59868081,42565248,90414472,100732969,18524057,11996007,21634225,116416480,160242904,72225211,132321972,61078554,36436458,15547246,67431977,48345376,101290488,133891340,177354386,85641956,198406517,51557938,73159534,86017162,46156558,149452063,105556935,29484095,49706728,37353712,64139459,65345128,68219689,49649459,123407321,130015196,60225698,0,0,0,0,0,0,29430128,28821636,9973516,15349762,19816618,5719076
2021-06-17,59752604,42415927,90203499,100290181,18449138,11953976,21613495,116363583,159879205,71872783,132115744,61010657,36302802,15461115,67336694,48287047,100964397,133685242,176797450,85381706,197873467,51467524,72889555,85573028,46097066,148643602,105319225,29471511,49653568,37236977,63964902,65060374,67959864,49062501,123247576,129439941,59878705,0,0,0,0,0,0,29342094,28800267,9945715,15257445,19688777,5664307
2021-06-16,59686673,42401126,89884537,99716956,18414173,11944413,21557472,116293972,159578608,71755342,131874534,60933294,36160678,15382162,66999736,48143415,100777853,133041464,176350229,85572828,197332549,51382976,72791765,85052655,45941753,148173199,104991716,29451038,49417219,37206851,63762004,64926879,67912706,48759214,122579715,129012828,59750835,0,0,0,0,0,0,29297301,28772261,9940893,15178490,19574921,5661454
2021-06-15,59576292,42226196,89530293,99100784,18361621,11893190,21512359,116207148,159457513,71588825,131605731,60847566,36014836,15255524,66700412,48088212,100475478,132658284,175780922,85007764,196684830,51182235,72493668,84823295,45876095,148048478,104723693,29378354,49365212,37168682,63697976,64673317,67864159,48491615,122422842,128406238,59521470,0,0,0,0,0,0,29394534,28716308,9935313,15134783,19427652,5658158
2021-06-14,59448310,42173402,89130514,98664279,18327910,11803674,21497778,116797427,159324004,71348361,131268704,60746080,35879236,15245494,66362843,47938220,100286202,132552994,175542916,84921927,195784651,50990254,72102896,84474905,45823636,147819169,104231647,29367312,49147041,36967312,63225062,64522260,67671911,48439044,122261410,127946863,59348371,0,0,0,0,0,0,29094991,28689576,9902539,15104605,19159946,5640118
2021-06-13,59382952,42030167,88875790,98104015,18165542,11794714,21477176,116497872,158877902,71145947,130602841,60335324,35734536,15231395,65939977,47724205,100052648,132063488,174625401,84532522,195150162,50696511,71701768,84134712,45756613,146637587,103728917,29354176,48801617,36848347,63055845,64055878,67486017,48360640,121782791,126618800,59208549,0,0,0,0,0,0,29051202,28653756,9898130,14985702,19102196,5624806
2021-06-12,59311538,41920193,88542939,97835227,18137136,11786717,21432482,116142425,158489743,70849887,130074492,60253562,35591987,15214873,65442786,47656546,99599784,131794862,173707824,84371910,194540906,50559192,71563235,83535995,45558116,145707845,103515909,29341684,48633747,36511022,62708643,63881984,67269133,47992769,121297826,126538324,59016747,0,0,0,0,0,0,29004272,28590472,9892070,14915323,19011625,5602031
2021-06-11,59311538,41920193,88542939,97835227,18137136,11786717,21432482,116142425,158489743,70849887,130074492,60253562,35591987,15214873,65442786,47656546,99599784,131794862,173707824,84371910,194540906,50559192,71563235,83535995,45558116,145707845,103515909,29341684,48633747,36511022,62708643,63881984,67269133,47992769,121297826,125999020,59016747,0,0,0,0,0,0,29004272,28590472,9892070,14915323,19011625,5602031
2021-06-10,59110520,41752625,88047388,97168487,18084788,11770864,21357144,115982517,157870305,70433920,129615998,60114685,35305594,15115405,65121936,47367597,99043450,131354602,172650615,83794734,193501378,50161856,71027991,82609525,45359484,143305138,102320361,29318537,48136771,36461165,62584592,63646821,66601479,47539588,120952972,125329722,58480284,0,0,0,0,0,0,28757240,28513952,9844229,14810880,18808170,5551978
2021-06-09,59053481,41698273,87996349,96908660,18057130,11763250,21339529,115899384,157086115,70222259,129411898,60147014,35159754,15101660,65038918,47089934,98769027,131125211,172410719,83715715,192902611,50045766,70943419,82315344,45049850,140246626,101223183,29305159,48040832,36395220,62383119,63567485,66546511,47318518,120763394,124889646,58422097,0,0,0,0,0,0,28710567,28495241,9839408,14759284,18702172,5547793
2021-06-08,58944439,41547798,87937769,96486130,18021687,11754812,21295366,115800224,156740656,70086309,128837759,60071962,34996023,14992911,64811688,47027758,98520514,130864339,171723290,83426370,192276472,49823762,70802431,82150585,44876799,140134704,100901353,29285072,47684408,36216961,62050826,63467899,66391669,47160242,120510040,122883274,58284405,0,0,0,0,0,0,28621658,28457068,9833898,14703864,18540238,5527051
2021-06-07,58882282,41461342,87881755,96068338,17982603,11746057,21227926,115676142,156495451,69878032,128143007,59999387,34837107,14914913,64692646,46876619,98205915,130601398,171235927,83146234,191798037,49614149,70742912,81837551,44814662,139852932,100568051,29219735,47625981,36046238,61430424,63259065,66142824,46911956,119714438,122883274,58041517,0,0,0,0,0,0,28452943,28437947,9828491,14678231,18459033,5485721
2021-06-06,58799121,41190971,87813235,95583509,17919073,11736716,21215629,115431838,156244322,69736516,127988673,59923744,34672842,14905611,64255581,46648601,97926615,130242209,170548623,83043062,191203476,49445338,70666510,81097404,44751516,139075127,100317721,29133297,47351242,35985626,61349552,62997537,65374912,46853764,119545413,122066367,57921537,0,0,0,0,0,0,28346546,28416754,9822127,14623761,18358871,5480766
2021-06-05,58673079,40872024,87744728,95277398,17754121,11725998,21202715,115196889,156001003,69486316,127836380,59844348,34500383,14894493,63739382,46594453,97638923,129911798,169935928,82676878,190586745,49236069,70568776,80865623,44616672,138862973,100103813,29052518,47147725,35805182,61022608,62881293,65309032,46537609,119047258,121458934,57859443,0,0,0,0,0,0,28294020,28366193,9814298,14536872,18253080,5459293
2021-06-04,58577056,40422272,87667204,94837738,17727768,11713965,21142550,114948382,155756074,69052002,127678067,59763187,34316084,14880586,63442999,46538365,97410478,129832012,169421265,82558732,189988108,49135620,70358350,80532225,44545075,138564256,99981379,28971522,46935999,35771688,60802920,62747992,64949891,46254421,118890073,119717800,57792283,0,0,0,0,0,0,28230034,28331197,9787235,14427617,18104852,5453459
2021-06-03,58506858,40316841,87353091,94382650,17702028,11697944,21086559,114570965,155466791,68802029,127521847,59679794,34127718,14807556,63033012,46483372,97180540,129750299,169114313,82240654,189494191,48893101,70123313,80293560,44468893,138073501,99687573,28956474,46839933,35632765,60741369,62535039,64674891,46117533,118708956,119630129,57684127,0,0,0,0,0,0,28060179,28307655,9761326,14358491,18029359,5426226
2021-06-02,58389387,40200174,87094324,93964235,17674718,11643153,21069659,114426365,155025881,68642679,127358453,59598693,33934873,14799996,62939048,46426850,96956465,129668299,168616050,81756876,188869224,48802320,70002109,80086436,44190703,137983942,99343121,28828362,46540650,35592215,60598976,62411600,64494665,46072647,118240861,119036733,57435251,0,0,0,0,0,0,27811053,28264118,9740817,14291293,17891625,5422267
2021-06-01,58274944,38696122,86803147,93657753,17617102,11580636,21000322,114358619,154648887,68135576,127199924,59517581,33739337,14793184,62712699,46373344,96793185,129585842,168305351,81473433,188260649,48685508,69479671,79924233,44037517,137681064,98998836,28800716,46388706,35397559,60551484,62215539,64201316,45913942,117728976,118233723,57250598,0,0,0,0,0,0,27763626,28224185,9732120,14205127,17820729,5395128
2021-05-31,55501538,38297985,86521154,93117492,17575418,11484810,20909702,114272888,154246137,67892868,127010239,59405605,33531221,14783505,62591103,46299486,96484237,129491361,167824728,81178041,187475086,48528210,69061796,79542963,43761281,137415451,98701809,28706066,46112490,35187310,60477150,61934313,64038807,45869058,117035751,117348699,56946709,0,0,0,0,0,0,27706976,28199243,9697122,14148099,17793130,5391449
2021-05-30,55413928,38010865,86228870,92881750,17499925,11446837,20900096,114202437,154068906,67418523,126868544,59344796,33355187,14818969,62189399,46251853,96236168,129388999,167143279,80952901,186723846,48291328,68792503,79321876,43705575,136929380,98411882,28670681,45953846,35078553,60123954,61811076,63705945,45833802,116876923,116876573,56540294,0,0,0,0,0,0,27656213,28179747,9670394,14073877,17769048,5388648
2021-05-29,55338577,37746180,86008072,92447714,17429702,11431025,20888219,114117448,153771270,67236289,126701343,59257182,33165134,14722676,61559098,46183879,95970816,129123118,166689691,80533989,186004608,47985849,68720207,79110353,43588339,136726322,98162910,28327258,45876422,34963420,60071252,61617823,63662218,45779869,116156956,116104258,56191064,0,0,0,0,0,0,27531578,28158226,9623389,13951650,17734071,5385659
2021-05-28,55200432,37526722,85863338,92118901,17395484,11386011,20843513,114023039,153561160,67073730,126524715,59162990,32957140,14714489,61226449,46051668,95733004,129035577,166055754,80434489,185838614,47754531,68642870,78983868,43445529,136498049,97906345,28311509,45785565,34926653,60009555,61338593,63603473,45484919,116009519,116008426,55874895,0,0,0,0,0,0,27455539,28134962,9617272,13850246,17608223,5355429
2021-05-27,54962688,37425714,85399109,91650522,17363565,11331931,20787055,113782572,153157016,66804077,126349378,59069906,32762280,14705017,61050993,45993946,95574199,128941114,165541260,80089754,185303586,47575993,68466259,78792744,43366495,136359961,97619833,28223304,45479571,34785433,59812083,60853202,63332128,45232861,115848895,115661497,55670209,0,0,0,0,0,0,27289573,28111528,9609989,13701485,17474230,5351063
2021-05-26,54799927,37375706,85051344,91288338,17327605,11304739,20772646,113703773,152853101,66564022,126164446,58969885,32535017,14625528,60217565,45935305,95327136,128851266,165039180,79805674,184233322,47430593,68782835,78473314,43107369,135634083,97463135,28204923,45168954,34545346,59745726,60664735,63281524,45180769,115663611,114529233,55589064,0,0,0,0,0,0,27208412,28063344,9600682,13654281,17236835,5321233
2021-05-25,54662171,37249148,84823957,91007212,17276857,11226861,20716628,113621936,152642298,66379376,125952787,58853283,32255848,14614484,60094171,45862997,95140326,128738318,164864341,79722109,183658557,47277966,68388862,78016304,42804078,135410329,96959925,28143399,45106559,34514722,59478733,60287730,62987442,44996238,114856918,114445471,55482117,0,0,0,0,0,0,27021419,28041126,9570624,13638373,17138780,5285910
2021-05-24,50255785,34998007,84466814,90538518,17205587,11105814,20670861,113516843,152370243,66168602,125696582,58622708,31940653,14545340,59632831,45640153,94669412,128404055,164401344,79609174,182811466,47130479,68070243,77694442,42631639,134925682,96606788,28127848,44823554,34472408,59402696,59993427,62698362,44919334,114530518,114095406,55187408,0,0,0,0,0,0,26964278,28010799,9530265,13612614,17049595,5254712
2021-05-23,50127995,34668424,84090674,90247382,17142540,11089644,20630257,113456459,152038526,65965683,125506330,58418324,31596688,14539852,59315993,45559428,94358821,128340706,164254405,79499099,181958569,47068670,67191910,77506316,42471029,134307339,96353411,28119536,44708770,34426627,59065421,59655701,62410326,44723307,113915295,113618071,55117100,0,0,0,0,0,0,26917063,27994213,9504161,13601993,16963599,5240055
2021-05-22,50055183,34424609,83802975,89956044,16882588,11076353,20620031,113374340,151736789,65778301,125268004,58311967,31101480,14532192,58806393,45423823,94122902,128254743,163802112,79014249,181790017,47020509,66500594,77420726,42347924,134101298,95953347,28107528,44634593,34241079,58947805,59324367,62072711,44593985,113294281,113273396,55000049,0,0,0,0,0,0,26820037,27947436,9474553,13525515,16898635,5235246
2021-05-21,49842124,34237339,83228358,89648874,16844811,10958845,20558851,113295585,151305447,65631258,124948720,58196551,31051462,14524805,58652283,45325093,93898820,128163872,163120934,78547099,181071022,46891998,66401902,77219952,42194554,133882220,95691194,28095646,44413277,34103954,58898717,58890842,62035057,43854994,113118751,112730246,54777719,0,0,0,0,0,0,26743812,27902596,9468288,13502673,16774732,5228374
2021-05-20,49759297,34075139,83015264,89232541,16793859,10843225,20547926,113190171,151148653,65511795,124348630,58037167,31000338,14516155,58426668,45155326,93740872,128062410,162353866,78455962,180401634,46773413,66199306,76955054,42122645,133801838,95512585,28084095,44250914,33900309,58836162,58263080,61992035,43583361,112408196,112106476,54601237,0,0,0,0,0,0,26686266,27797513,9459878,13372484,16722860,5193458
2021-05-19,49605389,34054903,82665303,88817946,16766915,10826445,20496033,112967197,150902801,65281232,124144515,57613832,30946254,14507509,58345855,45034077,93559244,127949686,162209971,78082477,179784900,46653411,65874775,76684639,42046387,133291217,95110563,28071153,44192874,33854667,58618083,58033589,61935322,43280882,111729701,111528681,53988184,0,0,0,0,0,0,26626652,27739968,9427989,13351472,16520020,5147552
2021-05-18,49437985,34030159,82523699,88313587,16737625,10802965,20401511,112707953,150555341,65041489,123935776,57366967,30883828,14492129,58116347,44975571,93282009,127639052,162051936,77981797,179003723,46462081,65601442,76535471,41830353,133063593,94681604,28055291,44119768,33699102,58406194,57431120,61767657,43237534,110964030,109656275,53623409,0,0,0,0,0,0,26518750,27699551,9376583,13277411,16434766,5118549
2021-05-17,49361280,33949354,82271219,87997531,16709271,10711350,20229905,112594703,150222304,64794736,123738767,57265116,30726623,14425658,58023412,44842960,93026220,127271430,161907957,77589299,178557254,46378520,65538633,76421846,41669240,132880489,94356200,28040376,43881169,33498857,58213227,57270117,61281612,43080098,110483356,109656275,53522911,0,0,0,0,0,0,26465883,27676616,9365709,13259588,16400496,5098476
2021-05-16,49226027,33920822,82019669,87534818,16599964,10681355,20212421,112307816,149889306,64456874,123530423,57122670,30505476,14417738,57750783,44714174,92726802,126973968,161746796,77123597,177407504,46166764,65278991,76218298,41578129,132323506,93873671,28014842,43671121,33446759,58117338,56873004,60714167,43032390,110343659,109656275,53226586,0,0,0,0,0,0,26575768,27677756,9369381,13176547,16326908,5069760
2021-05-15,48914451,33822681,81856666,87107670,16574921,10632360,20154883,112216263,149621149,64155391,123320539,56783809,30443400,14409492,57343128,44571359,92454260,126854427,161592515,76722082,176667574,46109483,65209179,75963025,41271968,132038568,93674004,27951653,43497784,33274203,57729600,56710480,60433462,42862979,110201294,109316783,53148754,0,0,0,0,0,0,26522938,27657879,9308221,13103729,16304779,5046390
2021-05-14,48725874,33744698,81335087,86745926,16546708,10473158,19980593,112107661,149144091,63972690,123089517,56690429,30280137,14400013,57113975,44507129,92119558,126581940,161438232,76496264,176231206,45988793,65039887,75702426,41042767,131990170,93411397,27874055,43359791,33109343,57489352,56576206,60385716,42602414,110033623,108648166,53030620,0,0,0,0,0,0,26463009,27636493,9278624,13077868,16274255,5036878
2021-05-13,48630365,33600455,81078246,86349830,16519816,10211544,18312806,111868575,148790913,63778401,122874043,56605059,30075034,14392388,56841150,44406716,91899006,126481864,161293510,76035461,175717155,45805956,64856159,75522086,40865093,131942433,93072517,27821967,43107402,32984192,57442117,56285898,60050201,42541151,109858466,108296153,52770584,0,0,0,0,0,0,26411390,27617494,9272855,13062942,16188494,4982448
2021-05-12,48548045,33443882,80735400,85770103,16491688,10091901,17696965,111577698,148453425,63529501,122608880,56513161,30010954,14384042,56543132,44289046,91600464,126240322,161126311,75694804,175080561,45597429,64789368,75261136,40500314,131883724,92645964,27794801,43027793,32880957,57301565,56130951,60009347,42199738,109629271,108052842,52588369,0,0,0,0,0,0,26318009,27595314,9265735,13002781,16144516,4976479
2021-05-11,48307386,33372224,80415965,85390080,16460311,10004451,17685954,111134673,148015717,63275003,122257427,56411836,29937614,14374926,56474743,44157937,91409287,126103633,160901320,75430484,174576008,45379795,64708702,75149993,40345769,131812901,92307345,27637384,42739365,32688905,57091006,55915031,59945267,42040724,108661084,107493108,52464790,0,0,0,0,0,0,26252107,27569052,9259201,12921529,16019463,4961588
2021-05-10,48246001,33273670,80204124,84952351,16433861,9992110,17627574,110735064,147445771,63092723,121787649,56317616,29780845,14365220,56403677,43991672,91070698,125764887,160453163,75077853,174051792,45297390,64474682,74906383,40146851,131731147,91993638,27562858,42425120,32450759,57045416,55819848,59616823,41828074,107967819,106931365,52334718,0,0,0,0,0,0,26195002,27546856,9253215,12902974,15996216,4957867
2021-05-09,48103722,33171112,80001501,84505678,16400655,9933120,17573903,110369834,147029442,62945323,120654384,56208817,29459283,14319844,56124883,43629289,90658182,125339941,160147638,74664495,173099436,45245334,64186120,74720486,39992399,131338164,91616316,27486872,42266275,32416767,56835290,55549653,59367249,41778163,107311822,106482308,52112454,0,0,0,0,0,0,26130478,27518692,9246159,12829536,15973774,4953094
2021-05-08,47972974,33080950,79883593,83877330,16331647,9920925,17501467,109759889,146745236,62668382,120455153,56101490,29381441,14233244,55795819,43482636,90404489,125099879,159618229,74559945,172388018,45130015,63988911,74482965,39731798,131260550,91266237,27324739,42104351,32377498,56663574,55462777,58551270,41712573,107052369,105442563,51817549,0,0,0,0,0,0,26033591,27473351,9237737,12747086,15949367,4937036
2021-05-07,48004535,33014844,79680108,83533937,16306143,9861683,17467082,109529414,146492811,62387182,120240896,55983603,29301526,14222667,55608441,43402453,90065656,124963981,159452895,74356569,171784384,44979804,63886997,74473107,39568234,131100846,90781018,27296179,42038854,32281719,56605435,55300000,58366598,41396229,105470207,105067222,51451423,0,0,0,0,0,0,25889904,27447951,9212282,12678364,15922957,4929594
2021-05-06,47889908,32979401,79337747,83276647,16278386,9807692,17416068,109442828,146371360,62280867,120019411,55865971,29214559,14173957,55534178,43229090,89819899,124674434,159269565,73911138,171222250,44835459,63650879,74379835,39389979,131020741,90145783,27206818,41731590,32251502,56409317,54912154,58226532,40774966,105294524,104959824,50995210,0,0,0,0,0,0,25809957,27384235,9187455,12637644,15900423,4888883
2021-05-05,47764263,32847997,78656000,83005438,16248113,9739161,17413468,109345253,146057345,62063603,119760635,55707576,29107330,14165341,55277684,42896808,89637259,124550693,159051898,73454782,170736979,44676948,63224936,74092165,39116269,130812146,89213122,27053740,41293200,32215544,56224076,54640379,58055546,40583192,104625917,104395257,49944284,0,0,0,0,0,0,25711074,27323510,9161467,12540959,15876532,4869387
2021-05-04,47612544,32578398,78584404,82788162,16205208,9602622,17197016,109101189,145923921,61833921,119449182,55445195,28971973,14114476,54985168,42564820,89327997,124450377,158641952,72768161,170064023,44443911,63149518,73891285,38494785,130445115,88908950,26868934,41109015,32044170,55964121,54460344,58003658,40545297,104454774,102539087,49838219,0,0,0,0,0,0,25600764,27263525,9148999,12517094,15853525,4849869
2021-05-03,47540842,32368688,78361944,82497542,16126287,9551445,17069736,108722361,145590021,61496918,119073049,55205720,28684332,14101058,54859211,42254037,88965514,123476766,157378417,72564949,169117566,44328788,63048822,73043366,38419014,129964986,88546905,26703756,40819979,31906578,55565960,54322119,57882555,40328012,103913930,102457308,49701887,0,0,0,0,0,0,25510768,27208175,9095511,12471838,15820416,4843580
2021-05-02,47449171,32210571,78237662,82157191,16076032,9505054,17062188,108442047,145378185,60036312,118552375,54924536,27752196,14089739,54516460,42004546,88724805,123282279,157033049,72129224,168451323,44154904,62884309,72771895,38242133,129384345,88083413,26572008,40683907,31815544,55271158,54160915,57852113,40138369,103723668,102019203,49493317,0,0,0,0,0,0,25417035,27156705,9090159,12394077,15794534,4818771
2021-05-01,47311890,32106675,77863839,81936918,15974877,9495769,17054033,108115769,145161335,54810082,118190246,54711918,27551885,14076213,53916376,41758589,88425003,122818879,156483690,71724818,167519788,44087924,62685668,72453063,38180274,128979612,87674059,26559383,40528528,31567077,55065041,53985885,57813367,39923442,103132693,101549385,49426858,0,0,0,0,0,0,25343856,27067258,9083842,12299524,15766961,4787255
2021-04-30,47214013,32029446,77493311,81694180,15956699,9486792,17041598,108183426,144905802,54601207,117747180,54603693,27250357,14045822,53733038,41696221,88115034,122449573,156281794,71144839,167340368,43988319,62517500,72238546,37874674,128270653,87316120,26536900,40469171,31544468,54822681,53828977,57668350,39734990,103012352,101305807,49267936,0,0,0,0,0,0,25223560,27023284,9074558,12225282,15707922,4736947
2021-04-29,47117942,31894058,77428717,81388698,15940122,9478376,17025437,107754218,144658354,54351418,117385212,54493968,26612382,13635634,53566185,41595106,87865868,122276649,156075010,71078921,166840014,43835614,62453200,72136217,37751735,127715767,87006107,26374015,40210135,31421802,54750269,53548430,57446855,39577139,102888678,100953813,49127675,0,0,0,0,0,0,25086583,26960927,9041296,12113465,15637075,4722202
2021-04-28,46997416,31730449,77252747,81029388,15920626,9468557,16784895,107645921,144071931,54130063,117033311,54370580,26585981,13627136,53480668,41537179,87674100,121895194,155576652,70771407,166346015,43650616,62383330,71918757,37681948,127137975,86561319,26115770,40148229,31386557,54557553,53413557,57215350,39381952,102397395,100500612,48896603,0,0,0,0,0,0,24935058,26842284,9030452,12041909,15558286,4717686
2021-04-27,46935997,31704895,76978151,80587918,15900252,9458721,16655782,107346077,143783140,54021618,116919455,54236309,26469729,13615627,53246220,41473344,87486803,121436468,154988000,70398493,165773949,43563146,62313125,71830412,37570733,126616751,86365764,26039247,39971150,31285678,54083421,53268777,56937694,39331648,101955849,99842700,48704226,0,0,0,0,0,0,24652410,26041846,8999870,12020736,15422754,4695504
2021-04-26,46846117,31588736,76752872,80161713,15871169,9448267,16570528,106893361,143624524,53794241,116756033,53958660,26308829,13603965,52878772,41206253,87226042,121093571,154612327,70037172,165351899,43512030,62214874,71526246,37345296,126208857,85975259,25955462,39819614,31070603,54005696,53051562,56889581,39070706,101738950,99501716,48589171,0,0,0,0,0,0,24529472,25916512,8968003,11991479,15385089,4688932
2021-04-25,46745776,31383644,76320685,79692153,15849176,9437602,16555161,106815078,143982983,53499562,116666971,53877083,26291896,13595822,52827567,41124955,86856421,120851969,154010714,69833244,164968274,43109638,62033317,71333645,37228268,125704455,85604685,25794571,39633694,31033821,53640707,52983468,56777041,38862785,101073800,98792309,48284285,0,0,0,0,0,0,24464136,25897182,8928119,11922994,15359843,4683287
2021-04-24,46639159,31271802,76265491,79353656,15753228,9375108,16426129,106736881,143861294,53336977,116548086,53765463,26274979,13531558,52773851,41067049,86587493,120474746,153547849,69761064,164453661,42993641,61799256,71189872,37016288,125550706,85391581,25692908,39474984,30912911,53285185,52710281,56649431,38702795,100332836,98792309,48235364,0,0,0,0,0,0,24238846,25844808,8899054,11792532,15330282,4677393
2021-04-23,46539298,31183790,76159313,79073461,15735328,9366906,16350654,106651716,143633705,53157205,116402998,53644903,26256615,13514381,52716917,40979753,86272700,120361679,153331846,69468595,163978378,42840453,61730241,70912830,36948214,124813723,84896820,25618293,39417295,30741530,53200992,52611643,56465495,38485554,99560137,98420197,48107196,0,0,0,0,0,0,24101931,25814477,8893383,11714333,15277693,4647158
2021-04-22,46412242,31126489,75862082,78559934,15717236,9358055,16339900,106564889,143470057,53041197,116130331,53529003,26235516,13449297,52650718,40778508,85953355,120240807,153035247,69382400,163271514,42702324,61641654,70711963,36878078,124752566,83965851,25588601,39349108,30688933,52930975,52384172,56282076,38287997,99445235,97711145,47968944,0,0,0,0,0,0,24009598,25753927,8887086,11668592,15072254,4616423
2021-04-21,46337826,31053520,75516812,78137580,15700782,9349700,16330762,106477490,143139898,52825903,115902409,53413594,26213343,13440902,52571100,40678003,85535227,120117376,152520966,68989817,163072577,42579915,61363123,70486837,36725683,124607716,83459024,25496824,39178099,30497562,52748427,52166474,56253007,38242513,99319310,96691128,47865710,0,0,0,0,0,0,23841460,25705043,8889338,11645362,14997602,4586358
2021-04-20,46184293,30981493,75274204,77884293,15851120,9340898,16317212,106399079,142790711,51659042,115793220,53294874,26186177,13430675,52486312,40563116,85178091,119987911,151955012,68624482,162644620,42449049,61254695,70312967,36573463,124362511,83069630,25314028,38867545,30225709,52555933,52094326,56224246,38068185,98942285,96529864,47636853,0,0,0,0,0,0,23717849,25670299,8872558,11574494,14933701,4582905
2021-04-19,46077995,30963060,75022863,77466051,15834508,9330393,16266644,106308682,142470006,51549236,115638169,53151030,26088974,13370498,52391844,40430403,84451081,119834851,151451605,68808573,162117026,42312058,60871164,70004541,36433895,124267866,82923128,25294535,38593556,29898692,52496692,51840397,56188591,37878035,98570578,96230634,47540610,0,0,0,0,0,0,23630608,25612404,8870534,11538338,14852771,4555935
2021-04-18,45965747,30941444,74431088,77143862,15815224,9318912,16254467,106208317,151275318,51249188,115231638,52936431,25883201,13362046,51899456,40267763,84028973,119513278,150653934,68525428,161264198,42045663,60586434,69778254,36336403,123667273,82446878,25269058,38337575,29129055,52189860,51732701,56081130,37710153,98426133,95718856,47208868,0,0,0,0,0,0,23541395,25579604,8834161,11400050,14825687,4552384
2021-04-17,45848730,30910544,74230426,76863825,15799346,9310708,16245015,106137892,151013345,51036788,115140565,52798477,25866607,13355342,51290182,40149315,83391969,118863234,150248739,68429055,160628596,41946374,60341810,69624704,36031098,123541775,82193998,25238454,38252617,29092061,51837524,51531412,56049333,37671573,98291976,94480088,47067311,0,0,0,0,0,0,23460067,25534807,8795404,11260583,14713764,4531789
2021-04-16,45766739,30852770,73911281,76548591,15777131,9255155,16154148,106047801,150733182,50654208,115027831,52727269,25845844,13345446,51095611,39997648,83056763,118317729,149773866,68166964,160042610,41813582,60245721,69417575,35956466,123228180,81550279,25085639,37954314,28839654,51626657,51373809,55991105,37421804,97492931,94480088,46938726,0,0,0,0,0,0,23268017,25494125,8753330,11197633,14682619,4506478
2021-04-15,45619719,30742707,73579906,76147638,15755581,9241456,16145967,105965667,150593352,50386125,114927161,52664083,25825686,13337269,51030028,39923127,82712862,118095836,149422594,67878473,159518703,41594742,59965681,69345280,35827983,122908976,81116463,24917122,37662184,28756581,51296224,51203725,55664698,37336374,96950554,93819530,46881484,0,0,0,0,0,0,23070451,25453527,8745411,11127806,14556622,4452322
2021-04-14,45542456,30725504,73274325,75713627,15728461,9226395,16137208,105878492,150326400,50235817,114825341,52601788,25804701,13326974,50945438,39782336,82555817,117531944,149222521,67828619,158903626,41396475,59558366,69077686,35760730,122767497,80773270,24822141,37405571,28357897,51131169,51161768,55457937,37069205,96832506,93250939,46721129,0,0,0,0,0,0,22780010,25413362,8723121,11035666,14448658,4433439
2021-04-13,45391447,30707313,73027963,74931433,15675843,9181714,16128044,105783664,150206377,50114864,114721194,52538429,25779159,13309642,50738957,39645676,82270931,116907672,148776889,67722737,158524969,41203057,59326848,68939091,35623263,122447180,79848862,24755009,37342078,27973378,50864011,51082163,55334998,37024269,96693619,92398181,46631528,0,0,0,0,0,0,22551854,25352078,8713910,10989631,14251492,4406981
2021-04-12,45391447,30707313,73027963,74931433,15675843,9181714,16128044,105783664,150206377,50114864,114721194,52538429,25779159,13309642,50738957,39645676,82270931,116907672,148776889,67722737,158524969,41203057,59326848,68939091,35623263,122447180,79848862,24755009,37342078,27973378,50864011,51082163,55334998,37024269,96693619,92099124,46631528,0,0,0,0,0,0,22551854,25352078,8713910,10989631,14251492,4406981
2021-04-11,45204929,30560234,72717326,74508718,15485927,9094629,16051893,105580817,149513078,51552820,114481010,52408702,25715107,13145151,50558929,39366597,81837094,115480978,147796230,67233546,157037443,40931751,58314630,68575074,35479751,121432220,79477576,24357417,36836245,27673045,50524293,50832060,55256640,36754889,95983710,91626876,46341672,0,0,0,0,0,0,22356686,25253280,8616126,10942672,14198712,4397396
2021-04-10,45085867,30453172,72485827,74356606,15468410,9083957,16004887,105481951,149258119,51279693,114356185,52337690,25686211,13112242,50162660,39170243,81663133,114955672,147189612,66807542,156827892,40887127,58178872,68375700,35244931,120922073,79339069,24280650,36705252,27513776,50216544,50759956,55061311,36689613,95653660,90836630,46200752,0,0,0,0,0,0,22333017,25096661,8591371,10850795,14134289,4377055
2021-04-09,44989862,30358864,72128596,74194371,15426675,9072382,15988244,105380595,148844624,51091197,114226969,52264158,25651463,13044499,49906665,39045183,81332669,114484955,146990442,66449406,156191888,40761495,57739124,68203984,35118136,120585585,78955679,24093432,36469886,27493542,49918400,50599087,54893485,36480110,95094118,90255445,46015660,0,0,0,0,0,0,22303724,25024002,8584047,10775375,14109674,4316625
2021-04-08,44921807,30297258,71934205,73945216,15409427,9060484,15936614,105271570,148589533,50914213,114090398,52190710,25545030,13036338,49629026,38920065,81046925,114194285,146488303,66112678,155792359,40504142,57409452,68000928,35039790,120119920,78816435,23885116,36164216,27471873,49826285,50464363,54438271,36274819,94647381,89480322,45755109,0,0,0,0,0,0,22225073,24953893,8576442,10707658,14072287,4290190
2021-04-07,44850698,30276171,71717915,73770253,15390568,9048725,15924138,105062530,148328607,50762635,113946380,52067485,25375555,13027657,49522280,38821303,80851217,114090904,146146836,65800185,155169933,40414313,57073156,67831336,34837940,119871309,78390806,23606019,35877792,27342544,49577158,50309329,54193877,36119616,94126476,88598128,45663500,0,0,0,0,0,0,22102188,24841956,8552057,10667074,13942531,4309670
2021-04-06,44850698,30276171,71717915,73770253,15390568,9048725,15924138,105062530,148328607,50762635,113946380,52067485,25375555,13027657,49522280,38821303,80851217,114090904,146146836,65800185,155169933,40414313,57073156,67831336,34837940,119871309,78390806,23606019,35877792,27342544,49577158,50309329,54193877,36119616,94126476,87597834,45663500,0,0,0,0,0,0,22102188,24841956,8552057,10667074,13942531,4309670
2021-04-05,44609227,30063066,71060529,73120522,15344437,9018509,15890338,104268654,147991797,50153924,113274397,51712820,24913032,12992516,48962334,38646746,80134204,113623117,144989908,65106372,154212320,40047099,56167029,67307170,34441694,119215111,77460117,23293473,34731887,27120024,49027409,50044319,53851656,35873361,93840223,86710581,45246247,0,0,0,0,0,0,21894028,24643270,8506055,10537665,13683254,4244038
2021-04-04,44555029,29939968,71016111,72785677,15328214,8927903,15801260,103874460,147786266,49909405,112885324,51641621,24833530,12937850,48598429,38602332,79794900,113512976,144861051,64613465,153415558,39958450,55945302,67163482,34374552,118706861,77282241,22989164,34600183,27097045,48695389,49969137,53783066,35838123,92963052,85386502,44975688,0,0,0,0,0,0,21854322,24578519,8500776,10501447,13634420,4240028
2021-04-03,44381921,29919633,70958218,72590253,15262256,8915586,15791077,103704697,147455361,49698239,112244389,51545516,24460425,12892933,48365407,38541411,79593428,113275152,144685499,64280938,152693568,39824860,55440215,66874570,34169076,118497129,76876284,22728933,34438329,26971122,48411267,49744563,53543501,35787139,92668892,85345577,44755839,0,0,0,0,0,0,21797027,24482593,8469552,10407595,13564750,4219791
2021-04-02,44225364,29857419,70901737,72212019,15241675,8904068,15782429,103206395,147208866,49371989,111851900,51481706,24431642,12885050,48259477,38377994,79340013,112959762,144522844,63721970,151761528,39496425,55355614,66689619,34073856,118437026,76447856,22529128,34186678,26863917,48167426,49607644,53306816,35730677,92531073,84943674,44479335,0,0,0,0,0,0,21609186,24380566,8460895,10324302,13543867,4194411
2021-04-01,44150940,29793598,70842040,71905264,15299168,8893095,15773999,102816634,146899080,49048280,111709161,51348289,24402977,12877081,47991246,38232620,79161377,112438668,144358964,62786977,150678261,39384216,55171420,66379232,33974916,118354425,76248329,22374210,33784666,26832505,48120542,49428639,53094309,35435080,92132594,83831807,44048536,0,0,0,0,0,0,21363468,24254109,8451086,10248189,13518538,4165165
2021-03-31,44023007,29768915,70750375,71540441,15275454,8880210,15763625,103693195,146762791,48680077,111514509,51142376,24365187,12868152,47741171,38069424,78955316,112149073,144161143,62654229,149955270,39264088,55080152,66060096,33790558,118166772,75971689,22252148,33716465,26713896,48056116,49229053,52893886,35380940,91679310,83354790,43948228,0,0,0,0,0,0,21332098,24228333,8426823,10147600,13479460,4160385
2021-03-30,43742924,29620906,70784734,71025271,15224434,8852877,15737804,102465493,146193937,48091189,110693980,50696508,24234624,12848388,47566550,37800336,78206797,111739653,143594188,62188316,149215808,39085000,54521682,65663792,33521224,117628218,75300111,21925971,33118430,26558449,47695116,48840609,52827328,35160484,91437449,82598808,43634574,0,0,0,0,0,0,21206598,24106468,8384183,10003570,13147682,4107457
2021-03-29,43661216,29555552,70078037,70830226,15188072,8837338,15720281,89784618,145679367,47809076,110267684,50607232,23990087,12802602,47388349,37653734,77924072,111310745,143237020,61851651,148597404,38992427,54303655,65393964,33422238,117086545,75200112,21557425,32965728,26536969,47547403,48590683,52792140,35095961,91312804,82598808,43505773,0,0,0,0,0,0,21169816,24074516,8346476,9975514,13123760,4103605
2021-03-28,43236050,29311171,68859959,69682059,15155525,8742107,15454146,93126321,144435381,47224790,108470315,50049936,23684070,12722983,46314885,37104173,76681073,109947926,140316692,60912834,146020851,38640946,53506522,64538610,32845714,116346542,74295716,20649972,32232146,26300216,46786605,48079647,52448372,34089050,89957037,80911653,42787736,0,0,0,0,0,0,20720979,23633264,8190358,9667413,12878740,4038796
2021-03-27,43089445,29175564,68729417,69397583,15291014,8723727,15360499,93045389,143976378,47017868,107755024,49848102,23657214,12711460,46115808,36990354,76409942,109819187,139657329,60690155,145389247,38460396,53417539,64422540,32572063,116132702,74094961,20528186,32039979,26171142,46629326,47874565,52405065,34041869,89828974,80382682,42545341,0,0,0,0,0,0,20608140,23501134,8181979,9590909,12745414,4035858
